file_name,date,site,transect,time_in_video,depth_m,width_m
2025-07-17_00-40-37_DEEP_TREKKER_HD,7/16/2025,boulder_island,left,0:27,27.7,1.2875
2025-07-17_00-40-37_DEEP_TREKKER_HD,7/16/2025,boulder_island,left,1:29,26.1,1.7167
2025-07-17_00-40-37_DEEP_TREKKER_HD,7/16/2025,boulder_island,left,2:28,23.6,1.4714
2025-07-17_00-40-37_DEEP_TREKKER_HD,7/16/2025,boulder_island,left,3:28,21.8,3.4333
2025-07-17_00-40-37_DEEP_TREKKER_HD,7/16/2025,boulder_island,left,4:29,18.7,2.06
2025-07-17_00-40-37_DEEP_TREKKER_HD,7/16/2025,boulder_island,left,5:29,17.4,1.1444
2025-07-17_00-40-37_DEEP_TREKKER_HD,7/16/2025,boulder_island,left,6:28,14.7,2.575
2025-07-17_00-40-37_DEEP_TREKKER_HD,7/16/2025,boulder_island,left,7:29,12.5,2.575
2025-07-17_00-40-37_DEEP_TREKKER_HD,7/16/2025,boulder_island,left,8:30,10,2.06
2025-07-17_00-40-37_DEEP_TREKKER_HD,7/16/2025,boulder_island,left,9:29,7.8,1.8727
2025-07-17_00-40-37_DEEP_TREKKER_HD,7/16/2025,boulder_island,left,10:28,5.3,1.9074
2025-07-17_01-06-09_DEEP_TREKKER_HD,7/16/2025,boulder_island,right,0:12,34,1.2875
2025-07-17_01-06-09_DEEP_TREKKER_HD,7/16/2025,boulder_island,right,1:13,33.4,1.3205
2025-07-17_01-06-09_DEEP_TREKKER_HD,7/16/2025,boulder_island,right,2:12,31.8,1.1444
2025-07-17_01-06-09_DEEP_TREKKER_HD,7/16/2025,boulder_island,right,3:15,29.1,1.3733
2025-07-17_01-06-09_DEEP_TREKKER_HD,7/16/2025,boulder_island,right,4:13,25.8,0.9716
2025-07-17_01-06-09_DEEP_TREKKER_HD,7/16/2025,boulder_island,right,5:14,21.9,0.9196
2025-07-17_01-06-09_DEEP_TREKKER_HD,7/16/2025,boulder_island,right,6:14,17.1,2.06
2025-07-17_01-06-09_DEEP_TREKKER_HD,7/16/2025,boulder_island,right,7:14,12.7,3.4333
2025-07-17_01-06-09_DEEP_TREKKER_HD,7/16/2025,boulder_island,right,8:13,10.3,1.9074
2025-07-17_01-06-09_DEEP_TREKKER_HD,7/16/2025,boulder_island,right,9:12,8,2.861
2025-07-17_01-06-09_DEEP_TREKKER_HD,7/16/2025,boulder_island,right,10:13,6.7,1.9074
2025-07-17_01-06-09_DEEP_TREKKER_HD,7/16/2025,boulder_island,right,11:12,4.2,1.9653
2025-07-16_21-27-21_DEEP_TREKKER_HD,7/16/2025,brighton_beach,left,0:12,61.5,2.7105
2025-07-16_21-27-21_DEEP_TREKKER_HD,7/16/2025,brighton_beach,left,1:10,54.4,4.2916
2025-07-16_21-27-21_DEEP_TREKKER_HD,7/16/2025,brighton_beach,left,2:08,46.5,4.6818
2025-07-16_21-27-21_DEEP_TREKKER_HD,7/16/2025,brighton_beach,left,3:07,37,3.6785
2025-07-16_21-27-21_DEEP_TREKKER_HD,7/16/2025,brighton_beach,left,4:07,27.5,4.2916
2025-07-16_21-27-21_DEEP_TREKKER_HD,7/16/2025,brighton_beach,left,5:12,19.9,3.9615
2025-07-16_21-27-21_DEEP_TREKKER_HD,7/16/2025,brighton_beach,left,6:16,11.9,4.2916
2025-07-16_21-27-21_DEEP_TREKKER_HD,7/16/2025,brighton_beach,left,7:11,7.1,3.0058
2025-07-16_21-27-21_DEEP_TREKKER_HD,7/16/2025,brighton_beach,left,8:01,4,1.03
2025-07-16_21-46-04_DEEP_TREKKER_HD,7/16/2025,brighton_beach,right,0:15,53.4,4.2917
2025-07-16_21-46-04_DEEP_TREKKER_HD,7/16/2025,brighton_beach,right,1:15,50.3,0.8306
2025-07-16_21-46-04_DEEP_TREKKER_HD,7/16/2025,brighton_beach,right,2:12,48.5,1.0957
2025-07-16_21-46-04_DEEP_TREKKER_HD,7/16/2025,brighton_beach,right,3:19,45.2,1.4714
2025-07-16_21-46-04_DEEP_TREKKER_HD,7/16/2025,brighton_beach,right,4:13,42.3,1.4306
2025-07-16_21-46-04_DEEP_TREKKER_HD,7/16/2025,brighton_beach,right,5:15,36.8,2.8611
2025-07-16_21-46-04_DEEP_TREKKER_HD,7/16/2025,brighton_beach,right,6:18,29.6,3.2187
2025-07-16_21-46-04_DEEP_TREKKER_HD,7/16/2025,brighton_beach,right,7:16,20.5,3.6785
2025-07-16_21-46-04_DEEP_TREKKER_HD,7/16/2025,brighton_beach,right,8:18,11.8,2.2391
2025-07-16_21-46-04_DEEP_TREKKER_HD,7/16/2025,brighton_beach,right,9:25,4,1.7758
2025-07-16_23-57-46_DEEP_TREKKER_HD,7/16/2025,jug_island,left,0:33,50.8,1.7167
2025-07-16_23-57-46_DEEP_TREKKER_HD,7/16/2025,jug_island,left,1:32,50.3,2.4523
2025-07-16_23-57-46_DEEP_TREKKER_HD,7/16/2025,jug_island,left,2:23,49.9,2.2391
2025-07-16_23-57-46_DEEP_TREKKER_HD,7/16/2025,jug_island,left,3:33,49.3,1.6612
2025-07-16_23-57-46_DEEP_TREKKER_HD,7/16/2025,jug_island,left,4:33,49,1.8392
2025-07-16_23-57-46_DEEP_TREKKER_HD,7/16/2025,jug_island,left,5:32,48.4,1.4714
2025-07-16_23-57-46_DEEP_TREKKER_HD,7/16/2025,jug_island,left,6:32,47.5,1.4305
2025-07-16_23-57-46_DEEP_TREKKER_HD,7/16/2025,jug_island,left,7:32,45.3,1.3553
2025-07-16_23-57-46_DEEP_TREKKER_HD,7/16/2025,jug_island,left,8:32,42.3,1.5606
2025-07-16_23-57-46_DEEP_TREKKER_HD,7/16/2025,jug_island,left,9:33,37.3,1.2875
2025-07-16_23-57-46_DEEP_TREKKER_HD,7/16/2025,jug_island,left,10:34,29.9,2.4524
2025-07-16_23-57-46_DEEP_TREKKER_HD,7/16/2025,jug_island,left,11:35,25.1,3.2187
2025-07-16_23-57-46_DEEP_TREKKER_HD,7/16/2025,jug_island,left,12:33,21,1.3733
2025-07-16_23-57-46_DEEP_TREKKER_HD,7/16/2025,jug_island,left,13:32,16.6,1.1704
2025-07-16_23-57-46_DEEP_TREKKER_HD,7/16/2025,jug_island,left,14:31,10.8,1.1704
2025-07-16_23-57-46_DEEP_TREKKER_HD,7/16/2025,jug_island,left,15:31,6.5,1.9808
2025-07-16_19-29-41_DEEP_TREKKER_HD,7/16/2025,jug_island,right,0:34,52.2,1.5846
2025-07-16_19-29-41_DEEP_TREKKER_HD,7/16/2025,jug_island,right,1:34,51.9,1.1976
2025-07-16_19-29-41_DEEP_TREKKER_HD,7/16/2025,jug_island,right,2:35,51.5,1.4714
2025-07-16_19-29-41_DEEP_TREKKER_HD,7/16/2025,jug_island,right,3:37,51.3,0.7357
2025-07-16_19-29-41_DEEP_TREKKER_HD,7/16/2025,jug_island,right,4:34,50.9,7.6865
2025-07-16_19-29-41_DEEP_TREKKER_HD,7/16/2025,jug_island,right,5:35,49.7,1.5606
2025-07-16_19-29-41_DEEP_TREKKER_HD,7/16/2025,jug_island,right,6:37,48.6,2.1458
2025-07-16_19-29-41_DEEP_TREKKER_HD,7/16/2025,jug_island,right,7:34,45.3,2.3409
2025-07-16_19-29-41_DEEP_TREKKER_HD,7/16/2025,jug_island,right,8:34,43,2.06
2025-07-16_19-29-41_DEEP_TREKKER_HD,7/16/2025,jug_island,right,9:33,41.4,1.1444
2025-07-16_19-29-41_DEEP_TREKKER_HD,7/16/2025,jug_island,right,10:37,37,1.8392
2025-07-16_19-29-41_DEEP_TREKKER_HD,7/16/2025,jug_island,right,11:30,33.2,3.0294
2025-07-16_19-29-41_DEEP_TREKKER_HD,7/16/2025,jug_island,right,12:34,29.1,3.0294
2025-07-16_19-29-41_DEEP_TREKKER_HD,7/16/2025,jug_island,right,13:34,24.8,2.4524
2025-07-16_19-29-41_DEEP_TREKKER_HD,7/16/2025,jug_island,right,14:35,21.3,1.7167
2025-07-16_19-29-41_DEEP_TREKKER_HD,7/16/2025,jug_island,right,15:33,16.6,1.7167
2025-07-16_19-29-41_DEEP_TREKKER_HD,7/16/2025,jug_island,right,16:34,10.9,2.575
2025-07-16_19-29-41_DEEP_TREKKER_HD,7/16/2025,jug_island,right,17:37,9.4,2.575
2025-07-16_19-29-41_DEEP_TREKKER_HD,7/16/2025,jug_island,right,18:25,7.4,2.575
2025-07-16_19-29-41_DEEP_TREKKER_HD,7/16/2025,jug_island,right,19:29,5.2,1.2875
2025-07-16_22-32-44_DEEP_TREKKER_HD,7/16/2025,old_buntzen_pp,left,0:20,46.6,2.06
2025-07-16_22-32-44_DEEP_TREKKER_HD,7/16/2025,old_buntzen_pp,left,1:26,44.5,5.15
2025-07-16_22-32-44_DEEP_TREKKER_HD,7/16/2025,old_buntzen_pp,left,2:24,41.4,4.2917
2025-07-16_22-32-44_DEEP_TREKKER_HD,7/16/2025,old_buntzen_pp,left,3:42,42.9,10.3
2025-07-16_22-32-44_DEEP_TREKKER_HD,7/16/2025,old_buntzen_pp,left,4:23,44.7,4.2917
2025-07-16_22-32-44_DEEP_TREKKER_HD,7/16/2025,old_buntzen_pp,left,5:26,44.5,2.3409
2025-07-16_22-32-44_DEEP_TREKKER_HD,7/16/2025,old_buntzen_pp,left,6:25,42.9,3.4333
2025-07-16_22-32-44_DEEP_TREKKER_HD,7/16/2025,old_buntzen_pp,left,7:24,38.5,2.7105
2025-07-16_22-32-44_DEEP_TREKKER_HD,7/16/2025,old_buntzen_pp,left,8:25,33.3,2.7105
2025-07-16_22-32-44_DEEP_TREKKER_HD,7/16/2025,old_buntzen_pp,left,9:27,29.2,4.2917
2025-07-16_22-32-44_DEEP_TREKKER_HD,7/16/2025,old_buntzen_pp,left,10:26,23.3,2.7105
2025-07-16_22-32-44_DEEP_TREKKER_HD,7/16/2025,old_buntzen_pp,left,11:23,22.4,2.2391
2025-07-16_22-32-44_DEEP_TREKKER_HD,7/16/2025,old_buntzen_pp,left,12:26,19.4,0.6867
2025-07-16_22-32-44_DEEP_TREKKER_HD,7/16/2025,old_buntzen_pp,left,13:25,14.4,2.8611
2025-07-16_22-32-44_DEEP_TREKKER_HD,7/16/2025,old_buntzen_pp,left,14:26,12.1,2.1458
2025-07-16_22-32-44_DEEP_TREKKER_HD,7/16/2025,old_buntzen_pp,left,15:23,7.8,1.7167
2025-07-16_22-32-44_DEEP_TREKKER_HD,7/16/2025,old_buntzen_pp,left,16:23,5.6,1.6094
2025-07-16_23-15-35_DEEP_TREKKER_HD,7/16/2025,old_buntzen_pp,right,0:15,56.1,1.7758
2025-07-16_23-15-35_DEEP_TREKKER_HD,7/16/2025,old_buntzen_pp,right,1:16,50.3,1.7167
2025-07-16_23-15-35_DEEP_TREKKER_HD,7/16/2025,old_buntzen_pp,right,2:15,41.8,2.7105
2025-07-16_23-15-35_DEEP_TREKKER_HD,7/16/2025,old_buntzen_pp,right,3:15,33.9,3.4333
2025-07-16_23-15-35_DEEP_TREKKER_HD,7/16/2025,old_buntzen_pp,right,4:15,24.6,2.8611
2025-07-16_23-15-35_DEEP_TREKKER_HD,7/16/2025,old_buntzen_pp,right,5:15,23.4,1.6094
2025-07-16_23-15-35_DEEP_TREKKER_HD,7/16/2025,old_buntzen_pp,right,6:16,14.7,2.8611
2025-07-16_23-15-35_DEEP_TREKKER_HD,7/16/2025,old_buntzen_pp,right,7:14,7.3,2.4524
2025-07-16_23-15-35_DEEP_TREKKER_HD,7/16/2025,old_buntzen_pp,right,7:57,5.3,2.3409
2025-07-16_20-20-48_DEEP_TREKKER_HD,7/16/2025,twin_islands,left,0:18,41.5,3.2187
2025-07-16_20-20-48_DEEP_TREKKER_HD,7/16/2025,twin_islands,left,1:18,35.8,21.4583
2025-07-16_20-20-48_DEEP_TREKKER_HD,7/16/2025,twin_islands,left,2:17,31.1,4.2917
2025-07-16_20-20-48_DEEP_TREKKER_HD,7/16/2025,twin_islands,left,3:17,27.1,3.0294
2025-07-16_20-20-48_DEEP_TREKKER_HD,7/16/2025,twin_islands,left,4:18,27.2,3.6786
2025-07-16_20-20-48_DEEP_TREKKER_HD,7/16/2025,twin_islands,left,5:17,24.1,3.2187
2025-07-16_20-20-48_DEEP_TREKKER_HD,7/16/2025,twin_islands,left,6:17,19,2.06
2025-07-16_20-20-48_DEEP_TREKKER_HD,7/16/2025,twin_islands,left,7:18,13.7,3.4333
2025-07-16_20-20-48_DEEP_TREKKER_HD,7/16/2025,twin_islands,left,8:17,9.3,2.8611
2025-07-16_20-20-48_DEEP_TREKKER_HD,7/16/2025,twin_islands,left,9:13,5.9,2.06
2025-07-16_20-44-15_DEEP_TREKKER_HD,7/16/2025,twin_islands,right,0:23,59.6,2.4523
2025-07-16_20-44-15_DEEP_TREKKER_HD,7/16/2025,twin_islands,right,1:22,55.4,5.15
2025-07-16_20-44-15_DEEP_TREKKER_HD,7/16/2025,twin_islands,right,2:23,49.8,2.7105
2025-07-16_20-44-15_DEEP_TREKKER_HD,7/16/2025,twin_islands,right,3:23,45.8,1.4305
2025-07-16_20-44-15_DEEP_TREKKER_HD,7/16/2025,twin_islands,right,4:22,41,3.0294
2025-07-16_20-44-15_DEEP_TREKKER_HD,7/16/2025,twin_islands,right,5:22,35.8,2.8611
2025-07-16_20-44-15_DEEP_TREKKER_HD,7/16/2025,twin_islands,right,6:24,34.5,3.9615
2025-07-16_20-44-15_DEEP_TREKKER_HD,7/16/2025,twin_islands,right,7:21,32.4,3.2187
2025-07-16_20-44-15_DEEP_TREKKER_HD,7/16/2025,twin_islands,right,8:22,24.4,1.4305
2025-07-16_20-44-15_DEEP_TREKKER_HD,7/16/2025,twin_islands,right,9:22,15.1,3.9615
2025-07-16_20-44-15_DEEP_TREKKER_HD,7/16/2025,twin_islands,right,10:00,8.5,3.0294
2025-07-16_20-44-15_DEEP_TREKKER_HD,7/16/2025,twin_islands,right,10:44,5.6,0.9196
2025-07-16_20-44-15_DEEP_TREKKER_HD,7/16/2025,twin_islands,right,11:52,6.9,2.575
2025-07-16_20-44-15_DEEP_TREKKER_HD,7/16/2025,twin_islands,right,12:24,5.9,1.8393
2025-07-29_22-55-40_DEEP_TREKKER_HD,7/29/2025,best_pt,left,0:11,50.4,3.6785
2025-07-29_22-55-40_DEEP_TREKKER_HD,7/29/2025,best_pt,left,1:15,43,5.7222
2025-07-29_22-55-40_DEEP_TREKKER_HD,7/29/2025,best_pt,left,2:13,36.6,5.7222
2025-07-29_22-55-40_DEEP_TREKKER_HD,7/29/2025,best_pt,left,3:12,29.6,3.2187
2025-07-29_22-55-40_DEEP_TREKKER_HD,7/29/2025,best_pt,left,4:11,24.8,2.06
2025-07-29_22-55-40_DEEP_TREKKER_HD,7/29/2025,best_pt,left,5:12,17.6,2.8611
2025-07-29_22-55-40_DEEP_TREKKER_HD,7/29/2025,best_pt,left,6:13,12.1,6.4375
2025-07-29_22-55-40_DEEP_TREKKER_HD,7/29/2025,best_pt,left,6:59,9.1,3.6786
2025-07-29_22-55-40_DEEP_TREKKER_HD,7/29/2025,best_pt,left,7:42,7.2,3.4333
2025-07-29_23-17-24_DEEP_TREKKER_HD,7/29/2025,best_pt,right,0:27,50.5,3.4333
2025-07-29_23-17-24_DEEP_TREKKER_HD,7/29/2025,best_pt,right,1:26,45.6,3.2187
2025-07-29_23-17-24_DEEP_TREKKER_HD,7/29/2025,best_pt,right,2:21,39.9,3.0294
2025-07-29_23-17-24_DEEP_TREKKER_HD,7/29/2025,best_pt,right,3:24,33.4,1.5147
2025-07-29_23-17-24_DEEP_TREKKER_HD,7/29/2025,best_pt,right,4:13,27.8,1.9074
2025-07-29_23-17-24_DEEP_TREKKER_HD,7/29/2025,best_pt,right,5:21,20.9,2.2391
2025-07-29_23-17-24_DEEP_TREKKER_HD,7/29/2025,best_pt,right,6:19,15,2.1458
2025-07-29_23-17-24_DEEP_TREKKER_HD,7/29/2025,best_pt,right,7:07,9.9,5.15
2025-07-29_23-17-24_DEEP_TREKKER_HD,7/29/2025,best_pt,right,8:23,5.3,2.7105
2025-07-29_18-03-05_DEEP_TREKKER_HD,7/29/2025,n_croker_island,left,0:21,38,3.6786
2025-07-29_18-03-05_DEEP_TREKKER_HD,7/29/2025,n_croker_island,left,1:21,39,2.2391
2025-07-29_18-03-05_DEEP_TREKKER_HD,7/29/2025,n_croker_island,left,2:21,39.2,2.06
2025-07-29_18-03-05_DEEP_TREKKER_HD,7/29/2025,n_croker_island,left,3:23,39.3,2.2391
2025-07-29_18-03-05_DEEP_TREKKER_HD,7/29/2025,n_croker_island,left,4:19,39.2,2.7105
2025-07-29_18-03-05_DEEP_TREKKER_HD,7/29/2025,n_croker_island,left,5:21,39.5,2.1458
2025-07-29_18-03-05_DEEP_TREKKER_HD,7/29/2025,n_croker_island,left,6:21,39.2,3.0294
2025-07-29_18-03-05_DEEP_TREKKER_HD,7/29/2025,n_croker_island,left,7:23,38.9,2.575
2025-07-29_18-03-05_DEEP_TREKKER_HD,7/29/2025,n_croker_island,left,8:20,38.2,1.4306
2025-07-29_18-03-05_DEEP_TREKKER_HD,7/29/2025,n_croker_island,left,9:21,37.1,1.5606
2025-07-29_18-03-05_DEEP_TREKKER_HD,7/29/2025,n_croker_island,left,10:21,33.8,2.1458
2025-07-29_18-03-05_DEEP_TREKKER_HD,7/29/2025,n_croker_island,left,11:15,32.1,1.5606
2025-07-29_18-03-05_DEEP_TREKKER_HD,7/29/2025,n_croker_island,left,12:18,28.2,2.4538
2025-07-29_18-03-05_DEEP_TREKKER_HD,7/29/2025,n_croker_island,left,13:25,25,10.3
2025-07-29_18-03-05_DEEP_TREKKER_HD,7/29/2025,n_croker_island,left,14:20,25.6,3.4333
2025-07-29_18-03-05_DEEP_TREKKER_HD,7/29/2025,n_croker_island,left,15:20,25.3,4.2917
2025-07-29_18-03-05_DEEP_TREKKER_HD,7/29/2025,n_croker_island,left,16:23,24.9,1.8393
2025-07-29_18-03-05_DEEP_TREKKER_HD,7/29/2025,n_croker_island,left,17:19,23.8,2.7105
2025-07-29_18-03-05_DEEP_TREKKER_HD,7/29/2025,n_croker_island,left,18:20,21.9,2.8611
2025-07-29_18-03-05_DEEP_TREKKER_HD,7/29/2025,n_croker_island,left,19:19,19.1,3.2187
2025-07-29_18-03-05_DEEP_TREKKER_HD,7/29/2025,n_croker_island,left,20:21,14.6,3.4333
2025-07-29_18-03-05_DEEP_TREKKER_HD,7/29/2025,n_croker_island,left,21:16,9.4,3.2187
2025-07-29_18-03-05_DEEP_TREKKER_HD,7/29/2025,n_croker_island,left,22:20,6.1,0.7923
2025-07-29_18-03-05_DEEP_TREKKER_HD,7/29/2025,n_croker_island,left,23:15,5.3,0.9717
2025-07-29_18-41-09_DEEP_TREKKER_HD,7/29/2025,n_croker_island,right,0:57,35.9,2.575
2025-07-29_18-41-09_DEEP_TREKKER_HD,7/29/2025,n_croker_island,right,1:58,35.9,2.575
2025-07-29_18-41-09_DEEP_TREKKER_HD,7/29/2025,n_croker_island,right,2:58,35.5,1.9074
2025-07-29_18-41-09_DEEP_TREKKER_HD,7/29/2025,n_croker_island,right,4:00,34,2.1458
2025-07-29_18-41-09_DEEP_TREKKER_HD,7/29/2025,n_croker_island,right,5:00,32.3,1.2875
2025-07-29_18-41-09_DEEP_TREKKER_HD,7/29/2025,n_croker_island,right,6:01,29.9,2.3409
2025-07-29_18-41-09_DEEP_TREKKER_HD,7/29/2025,n_croker_island,right,7:04,27.6,1.7167
2025-07-29_18-41-09_DEEP_TREKKER_HD,7/29/2025,n_croker_island,right,7:59,27,1.3205
2025-07-29_18-41-09_DEEP_TREKKER_HD,7/29/2025,n_croker_island,right,8:57,26.2,2.06
2025-07-29_18-41-09_DEEP_TREKKER_HD,7/29/2025,n_croker_island,right,9:59,25.5,1.83923
2025-07-29_18-41-09_DEEP_TREKKER_HD,7/29/2025,n_croker_island,right,11:02,23.6,2.8611
2025-07-29_18-41-09_DEEP_TREKKER_HD,7/29/2025,n_croker_island,right,12:00,20.3,4.2916
2025-07-29_18-41-09_DEEP_TREKKER_HD,7/29/2025,n_croker_island,right,13:03,16.8,5.7222
2025-07-29_18-41-09_DEEP_TREKKER_HD,7/29/2025,n_croker_island,right,14:00,15.2,6.4375
2025-07-29_18-41-09_DEEP_TREKKER_HD,7/29/2025,n_croker_island,right,15:00,12.1,1.8393
2025-07-29_18-41-09_DEEP_TREKKER_HD,7/29/2025,n_croker_island,right,16:00,10.6,1.5606
2025-07-29_18-41-09_DEEP_TREKKER_HD,7/29/2025,n_croker_island,right,17:00,9,1.5147
2025-07-29_18-41-09_DEEP_TREKKER_HD,7/29/2025,n_croker_island,right,17:58,7.4,1.7167
2025-07-29_18-41-09_DEEP_TREKKER_HD,7/29/2025,n_croker_island,right,19:01,6.7,1.6094
2025-07-29_18-41-09_DEEP_TREKKER_HD,7/29/2025,n_croker_island,right,19:52,5.1,0.6437
2025-07-29_19-25-37_DEEP_TREKKER_HD,7/29/2025,s_croker_island,left,0:14,52.6,3.9615
2025-07-29_19-25-37_DEEP_TREKKER_HD,7/29/2025,s_croker_island,left,1:16,54.3,4.2917
2025-07-29_19-25-37_DEEP_TREKKER_HD,7/29/2025,s_croker_island,left,2:16,56.4,2.2391
2025-07-29_19-25-37_DEEP_TREKKER_HD,7/29/2025,s_croker_island,left,3:14,56.7,4.6818
2025-07-29_19-25-37_DEEP_TREKKER_HD,7/29/2025,s_croker_island,left,4:11,57.4,2.2391
2025-07-29_19-25-37_DEEP_TREKKER_HD,7/29/2025,s_croker_island,left,5:13,54.1,3.4333
2025-07-29_19-25-37_DEEP_TREKKER_HD,7/29/2025,s_croker_island,left,7:05,50.7,1.9074
2025-07-29_19-25-37_DEEP_TREKKER_HD,7/29/2025,s_croker_island,left,8:10,45.1,4.6818
2025-07-29_19-25-37_DEEP_TREKKER_HD,7/29/2025,s_croker_island,left,9:10,38.9,3.9615
2025-07-29_19-25-37_DEEP_TREKKER_HD,7/29/2025,s_croker_island,left,10:14,32.4,3.9615
2025-07-29_19-25-37_DEEP_TREKKER_HD,7/29/2025,s_croker_island,left,11:12,26.3,2.06
2025-07-29_19-25-37_DEEP_TREKKER_HD,7/29/2025,s_croker_island,left,12:15,22.5,3.9615
2025-07-29_19-25-37_DEEP_TREKKER_HD,7/29/2025,s_croker_island,left,13:03,15.7,3.4333
2025-07-29_19-25-37_DEEP_TREKKER_HD,7/29/2025,s_croker_island,left,14:05,9.7,3.6786
2025-07-29_19-25-37_DEEP_TREKKER_HD,7/29/2025,s_croker_island,left,15:03,6,1.5606
2025-07-29_20-14-44_DEEP_TREKKER_HD,7/29/2025,s_croker_island,right,0:14,50.9,3.6786
2025-07-29_20-14-44_DEEP_TREKKER_HD,7/29/2025,s_croker_island,right,1:14,47.4,3.2187
2025-07-29_20-14-44_DEEP_TREKKER_HD,7/29/2025,s_croker_island,right,2:19,44,1.5147
2025-07-29_20-14-44_DEEP_TREKKER_HD,7/29/2025,s_croker_island,right,3:18,42.6,1.1196
2025-07-29_20-14-44_DEEP_TREKKER_HD,7/29/2025,s_croker_island,right,4:18,40.6,5.7222
2025-07-29_20-14-44_DEEP_TREKKER_HD,7/29/2025,s_croker_island,right,5:15,38.9,5.15
2025-07-29_20-14-44_DEEP_TREKKER_HD,7/29/2025,s_croker_island,right,6:15,34.8,2.7105
2025-07-29_20-14-44_DEEP_TREKKER_HD,7/29/2025,s_croker_island,right,7:16,31,1.6094
2025-07-29_20-14-44_DEEP_TREKKER_HD,7/29/2025,s_croker_island,right,8:12,26.5,3.0294
2025-07-29_20-14-44_DEEP_TREKKER_HD,7/29/2025,s_croker_island,right,9:14,23.3,1.4714
2025-07-29_20-14-44_DEEP_TREKKER_HD,7/29/2025,s_croker_island,right,10:12,19.2,1.3553
2025-07-29_20-14-44_DEEP_TREKKER_HD,7/29/2025,s_croker_island,right,11:15,15.3,2.06
2025-07-29_20-14-44_DEEP_TREKKER_HD,7/29/2025,s_croker_island,right,12:10,11.4,3.9615
2025-07-29_20-14-44_DEEP_TREKKER_HD,7/29/2025,s_croker_island,right,13:24,5.3,1.7167
2025-07-29_21-43-21_DEEP_TREKKER_HD,7/29/2025,s_johnson_bay,left,0:26,58.3,4.2917
2025-07-29_21-43-21_DEEP_TREKKER_HD,7/29/2025,s_johnson_bay,left,1:34,58.6,3.2187
2025-07-29_21-43-21_DEEP_TREKKER_HD,7/29/2025,s_johnson_bay,left,2:34,57.1,2.7105
2025-07-29_21-43-21_DEEP_TREKKER_HD,7/29/2025,s_johnson_bay,left,3:27,56.3,2.1458
2025-07-29_21-43-21_DEEP_TREKKER_HD,7/29/2025,s_johnson_bay,left,4:26,53.6,2.3409
2025-07-29_21-43-21_DEEP_TREKKER_HD,7/29/2025,s_johnson_bay,left,5:24,52.6,2.7105
2025-07-29_21-43-21_DEEP_TREKKER_HD,7/29/2025,s_johnson_bay,left,6:25,51.2,3.0294
2025-07-29_21-43-21_DEEP_TREKKER_HD,7/29/2025,s_johnson_bay,left,7:25,50,2.2391
2025-07-29_21-43-21_DEEP_TREKKER_HD,7/29/2025,s_johnson_bay,left,8:27,48,2.06
2025-07-29_21-43-21_DEEP_TREKKER_HD,7/29/2025,s_johnson_bay,left,9:25,46.3,1.9807
2025-07-29_21-43-21_DEEP_TREKKER_HD,7/29/2025,s_johnson_bay,left,10:26,44.6,3.2187
2025-07-29_21-43-21_DEEP_TREKKER_HD,7/29/2025,s_johnson_bay,left,11:24,41.6,1.6613
2025-07-29_21-43-21_DEEP_TREKKER_HD,7/29/2025,s_johnson_bay,left,12:27,39.2,1.051
2025-07-29_21-43-21_DEEP_TREKKER_HD,7/29/2025,s_johnson_bay,left,13:29,34.9,1.7167
2025-07-29_21-43-21_DEEP_TREKKER_HD,7/29/2025,s_johnson_bay,left,14:26,32,1.5606
2025-07-29_21-43-21_DEEP_TREKKER_HD,7/29/2025,s_johnson_bay,left,15:25,30,0.8583
2025-07-29_21-43-21_DEEP_TREKKER_HD,7/29/2025,s_johnson_bay,left,16:24,26.4,1.7167
2025-07-29_21-43-21_DEEP_TREKKER_HD,7/29/2025,s_johnson_bay,left,17:27,23.4,1.7758
2025-07-29_21-43-21_DEEP_TREKKER_HD,7/29/2025,s_johnson_bay,left,18:25,20.8,1.4714
2025-07-29_21-43-21_DEEP_TREKKER_HD,7/29/2025,s_johnson_bay,left,19:24,17,1.8393
2025-07-29_21-43-21_DEEP_TREKKER_HD,7/29/2025,s_johnson_bay,left,20:25,11,1.7167
2025-07-29_21-43-21_DEEP_TREKKER_HD,7/29/2025,s_johnson_bay,left,21:25,6.8,2.575
2025-07-29_21-43-21_DEEP_TREKKER_HD,7/29/2025,s_johnson_bay,left,22:08,5.1,1.4714
2025-07-29_22-19-45_DEEP_TREKKER_HD,7/29/2025,s_johnson_bay,right,0:12,50.3,3.2187
2025-07-29_22-19-45_DEEP_TREKKER_HD,7/29/2025,s_johnson_bay,right,1:11,49.7,1.4714
2025-07-29_22-19-45_DEEP_TREKKER_HD,7/29/2025,s_johnson_bay,right,2:12,48.2,1.03
2025-07-29_22-19-45_DEEP_TREKKER_HD,7/29/2025,s_johnson_bay,right,3:12,46.4,2.3409
2025-07-29_22-19-45_DEEP_TREKKER_HD,7/29/2025,s_johnson_bay,right,4:13,45.6,2.7105
2025-07-29_22-19-45_DEEP_TREKKER_HD,7/29/2025,s_johnson_bay,right,5:12,43,3.6786
2025-07-29_22-19-45_DEEP_TREKKER_HD,7/29/2025,s_johnson_bay,right,6:12,40.7,1.8393
2025-07-29_22-19-45_DEEP_TREKKER_HD,7/29/2025,s_johnson_bay,right,7:12,38.6,2.3409
2025-07-29_22-19-45_DEEP_TREKKER_HD,7/29/2025,s_johnson_bay,right,8:18,36.2,2.3409
2025-07-29_22-19-45_DEEP_TREKKER_HD,7/29/2025,s_johnson_bay,right,9:11,33.1,4.6818
2025-07-29_22-19-45_DEEP_TREKKER_HD,7/29/2025,s_johnson_bay,right,10:18,32,3.4333
2025-07-29_22-19-45_DEEP_TREKKER_HD,7/29/2025,s_johnson_bay,right,11:13,26.3,3.6786
2025-07-29_22-19-45_DEEP_TREKKER_HD,7/29/2025,s_johnson_bay,right,12:13,18.8,4.2917
2025-07-29_22-19-45_DEEP_TREKKER_HD,7/29/2025,s_johnson_bay,right,13:14,11.9,3.4333
2025-07-29_22-19-45_DEEP_TREKKER_HD,7/29/2025,s_johnson_bay,right,14:06,7,1.7167
